{
  "Get Users By id" : {
    "transaction" : "Get Users By id",
    "sampleCount" : 100,
    "errorCount" : 47,
    "errorPct" : 47.0,
    "meanResTime" : 172.71999999999994,
    "medianResTime" : 160.5,
    "minResTime" : 126.0,
    "maxResTime" : 706.0,
    "pct1ResTime" : 210.9,
    "pct2ResTime" : 236.5499999999999,
    "pct3ResTime" : 702.6099999999983,
    "throughput" : 0.9909624227049312,
    "receivedKBytesPerSec" : 1.401186027182099,
    "sentKBytesPerSec" : 0.24423739867409228
  },
  "Debug Sampler" : {
    "transaction" : "Debug Sampler",
    "sampleCount" : 100,
    "errorCount" : 0,
    "errorPct" : 0.0,
    "meanResTime" : 0.4199999999999998,
    "medianResTime" : 0.0,
    "minResTime" : 0.0,
    "maxResTime" : 4.0,
    "pct1ResTime" : 1.0,
    "pct2ResTime" : 1.0,
    "pct3ResTime" : 3.989999999999995,
    "throughput" : 0.9854158454867955,
    "receivedKBytesPerSec" : 0.36072571257883324,
    "sentKBytesPerSec" : 0.0
  },
  "Total" : {
    "transaction" : "Total",
    "sampleCount" : 600,
    "errorCount" : 286,
    "errorPct" : 47.666668,
    "meanResTime" : 150.47166666666664,
    "medianResTime" : 145.0,
    "minResTime" : 0.0,
    "maxResTime" : 956.0,
    "pct1ResTime" : 225.89999999999998,
    "pct2ResTime" : 263.89999999999986,
    "pct3ResTime" : 520.4800000000005,
    "throughput" : 5.273102781561717,
    "receivedKBytesPerSec" : 10.226678192424309,
    "sentKBytesPerSec" : 1.2737667256228853
  },
  "Create New User" : {
    "transaction" : "Create New User",
    "sampleCount" : 100,
    "errorCount" : 66,
    "errorPct" : 66.0,
    "meanResTime" : 169.20999999999998,
    "medianResTime" : 149.5,
    "minResTime" : 126.0,
    "maxResTime" : 521.0,
    "pct1ResTime" : 209.8,
    "pct2ResTime" : 234.95,
    "pct3ResTime" : 519.6399999999993,
    "throughput" : 1.017739194154106,
    "receivedKBytesPerSec" : 1.1599443932747793,
    "sentKBytesPerSec" : 0.37071945255808747
  },
  "Get All Users Details" : {
    "transaction" : "Get All Users Details",
    "sampleCount" : 100,
    "errorCount" : 26,
    "errorPct" : 26.0,
    "meanResTime" : 239.77000000000007,
    "medianResTime" : 213.5,
    "minResTime" : 153.0,
    "maxResTime" : 956.0,
    "pct1ResTime" : 331.9000000000002,
    "pct2ResTime" : 441.9,
    "pct3ResTime" : 952.7199999999983,
    "throughput" : 1.0096930533117932,
    "receivedKBytesPerSec" : 1.991580106522617,
    "sentKBytesPerSec" : 0.2465070930936995
  },
  "Update User Info" : {
    "transaction" : "Update User Info",
    "sampleCount" : 100,
    "errorCount" : 73,
    "errorPct" : 73.0,
    "meanResTime" : 157.1,
    "medianResTime" : 137.5,
    "minResTime" : 119.0,
    "maxResTime" : 467.0,
    "pct1ResTime" : 197.0,
    "pct2ResTime" : 234.94999999999976,
    "pct3ResTime" : 466.0599999999995,
    "throughput" : 0.9912374608461202,
    "receivedKBytesPerSec" : 3.371601294556124,
    "sentKBytesPerSec" : 0.323681623200904
  },
  "Delete User By Id" : {
    "transaction" : "Delete User By Id",
    "sampleCount" : 100,
    "errorCount" : 74,
    "errorPct" : 74.0,
    "meanResTime" : 163.61000000000004,
    "medianResTime" : 138.0,
    "minResTime" : 121.0,
    "maxResTime" : 710.0,
    "pct1ResTime" : 216.70000000000002,
    "pct2ResTime" : 255.69999999999993,
    "pct3ResTime" : 706.6099999999983,
    "throughput" : 0.9830908375933936,
    "receivedKBytesPerSec" : 3.2862787400462055,
    "sentKBytesPerSec" : 0.26341842189343295
  }
}